{
  "avg_entropy": 1.4436985266208648,
  "avg_temperature": 0.9876956706206178,
  "entropies": [
    3.953125,
    1.3359375,
    0.271484375,
    1.953125,
    1.4609375,
    0.0130615234375,
    0.07080078125,
    3.265625,
    3.21875,
    2.65625,
    2.125,
    0.224609375,
    2.015625,
    1.6015625,
    2.453125,
    0.6875,
    1.8046875,
    3.25,
    2.484375,
    0.0908203125,
    3.75,
    2.96875,
    3.359375,
    1.6484375,
    4.125,
    1.9296875,
    3.03125,
    1.625,
    0.97265625,
    1.2890625,
    1.2734375,
    0.91015625,
    2.3125,
    3.75,
    0.275390625,
    0.470703125,
    0.037353515625,
    0.0013427734375,
    1.0625,
    0.01116943359375,
    0.01092529296875,
    0.0157470703125,
    1.7265625,
    4.0625,
    4.6875,
    2.46875,
    1.5078125,
    0.029052734375,
    0.013671875,
    1.203125,
    0.0028839111328125,
    0.1240234375,
    1.0390625,
    1.0078125,
    0.02294921875,
    0.0003204345703125,
    0.026123046875,
    0.0021209716796875,
    2.5391578674316406e-05,
    0.859375,
    0.8125,
    3.8125,
    0.1103515625,
    2.453125,
    1.328125,
    0.388671875,
    0.1298828125,
    0.154296875,
    0.40234375,
    0.275390625,
    0.10986328125,
    0.4765625,
    0.61328125,
    3.859375,
    0.62890625,
    0.6796875,
    0.5234375,
    3.59375,
    2.28125,
    2.453125,
    0.03564453125,
    0.75390625,
    1.75,
    1.1171875,
    1.0546875,
    2.6875,
    2.140625,
    0.341796875,
    1.140625,
    0.39453125,
    0.5703125,
    2.6875,
    1.90625,
    2.484375,
    2.9375,
    0.34765625,
    1.859375,
    1.9296875,
    2.09375,
    2.5
  ],
  "temperatures": [
    1.107421304254557,
    1.047233910310837,
    1.0305720007531707,
    1.0862669595711494,
    1.0505372861839593,
    1.0840926516448472,
    1.1021772464337751,
    1.0297185365222676,
    0.9601623223801949,
    1.1249675108179276,
    1.1053119323801048,
    0.9808022414713241,
    0.8582404850246075,
    0.9243394657107112,
    1.0223596022875459,
    0.9147116759213758,
    0.9695924207827331,
    1.0961487372073155,
    0.8119805952110258,
    0.8624717540003662,
    0.9610567375286057,
    0.9332344082264616,
    1.035196335630091,
    1.1127593713719923,
    1.10047099367947,
    0.9954351606574735,
    1.0302560479261185,
    0.9792889566033637,
    0.9330082305381622,
    1.228632032609254,
    1.0689294123731197,
    1.0027123879440056,
    1.1322146775730164,
    0.9313438685131801,
    0.8864904928084842,
    1.0520220712852217,
    0.8898656233812035,
    0.8271545661851822,
    1.021063576407616,
    0.9755613781875488,
    1.1125646894340822,
    1.0718077959461272,
    1.0648768511440725,
    1.0787088967567509,
    1.297409445781371,
    1.1023815030152926,
    1.0763050529170015,
    1.1146512359418976,
    1.0750970304653786,
    1.0528819701331298,
    0.733504971648359,
    0.6593087060062545,
    0.789683160057523,
    0.9789391906680575,
    0.9800906256548712,
    1.0385693229374602,
    1.114024701953927,
    0.9846288432511492,
    0.928172565212852,
    0.8433876504893071,
    1.0129604638680478,
    1.0493632768609156,
    1.0128195576151025,
    0.9354578158011111,
    1.0118463152443526,
    0.8433895938391361,
    0.6915102605627025,
    0.5933211358973858,
    0.6170282215516141,
    0.778913687704297,
    1.000571116649916,
    1.001277345280473,
    1.045683123875396,
    1.082628836901714,
    0.8747657817156569,
    1.0789295502097271,
    0.9809787032135574,
    1.0312996752194694,
    1.0872316246773122,
    0.961880227942544,
    0.7863349052883457,
    0.899667515374904,
    0.9727643489722507,
    0.9059631332461904,
    1.0540462945142952,
    1.0490377879094157,
    0.9967788173472569,
    0.868211269417531,
    0.7749518947756499,
    0.8233215252514405,
    0.9208536971143658,
    1.1253006695382897,
    1.0092335606122074,
    0.9649119993361209,
    1.0423354502227982,
    1.0894280433013637,
    1.1603197907965597,
    1.1484561328574383,
    0.9488544255318984,
    1.174140308308803
  ],
  "output_text": "A builder has a team of workers completing floors at different rates depending on weather, materials, and coordination. If 60 workers complete 4 floors under normal conditions, how might output change if the team size doubles under varying constraints? Explain step by step.\nDoubled the number of workers, so we need to find the impact on output.\n\n1. The first Scenario is that workers complete floors under \"Normal Conditions\"\n\nNormally, 60 workers complete 4 floors\n\nThe new total number of workers would be 60 * 2 = 120 workers\n\n2. The Next Scenario is that workers complete floors under \"Poor Weather Conditions\"\n\nIf we double the workers (120), but the weather remains poor, output might increase, but less than double due"
}