{
  "avg_entropy": 1.3341637921333314,
  "avg_temperature": 1.0102693592809022,
  "entropies": [
    1.984375,
    0.0986328125,
    2.359375,
    0.81640625,
    0.84765625,
    1.34375,
    1.234375,
    1.9453125,
    1.703125,
    1.3359375,
    1.2421875,
    3.625,
    1.46875,
    1.9609375,
    2.046875,
    1.171875,
    0.08984375,
    0.01300048828125,
    0.00060272216796875,
    2.5987625122070312e-05,
    0.01123046875,
    0.380859375,
    0.007415771484375,
    0.00141143798828125,
    0.00124359130859375,
    1.84375,
    2.140625,
    2.453125,
    1.640625,
    2.734375,
    2.296875,
    0.93359375,
    1.3828125,
    0.91015625,
    2.078125,
    1.3046875,
    0.003570556640625,
    0.0269775390625,
    1.8671875,
    2.421875,
    1.6875,
    0.20703125,
    1.515625,
    2.25,
    1.3359375,
    0.220703125,
    0.490234375,
    0.1796875,
    2.15625,
    2.84375,
    1.515625,
    1.4921875,
    1.8828125,
    3.328125,
    2.546875,
    3.953125,
    2.25,
    2.671875,
    2.75,
    0.46484375,
    2.140625,
    1.0234375,
    1.4765625,
    2.6875,
    2.890625,
    1.6875,
    2.484375,
    2.078125,
    0.0001239776611328125,
    0.59765625,
    0.10791015625,
    2.328125,
    0.2353515625,
    2.8125,
    2.171875,
    1.9921875,
    1.75,
    0.0096435546875,
    0.79296875,
    0.83984375,
    0.00127410888671875,
    0.07568359375,
    1.5390625,
    0.84375,
    2.84375,
    3.25,
    0.5859375,
    2.1875,
    0.546875,
    0.0007171630859375,
    0.08154296875,
    1.5234375,
    0.984375,
    0.009033203125,
    1.015625,
    0.09521484375,
    0.001190185546875,
    0.01153564453125,
    1.3203125,
    0.921875
  ],
  "temperatures": [
    1.0473123802305533,
    0.9852315291406868,
    1.2094960389400584,
    1.1097731578462837,
    1.0307796519195471,
    1.0469593963296897,
    0.9212316526087776,
    1.0146700911578328,
    0.9973371460642623,
    1.126604774245714,
    1.1522989644854913,
    1.0613518116076368,
    1.144292467221364,
    1.1190223873130505,
    0.9870362854435561,
    0.9858990777210878,
    0.8828570748009666,
    0.9099640466627684,
    1.0024540963322144,
    1.002202514387538,
    0.8883822806190738,
    0.8178414887638912,
    0.8995154812856445,
    1.200855694675344,
    0.9798552218788568,
    1.0195000682740467,
    0.912437501338935,
    0.9643489166415379,
    0.8979943671097149,
    1.0714425489010617,
    1.17751224877456,
    1.0653103828789583,
    0.9307703805068201,
    0.8522469377410001,
    1.0073049413938802,
    0.910244358299059,
    0.9336545163197089,
    0.8038312490328804,
    0.9236759681120281,
    0.970729729238255,
    1.1512219532727872,
    1.054986306896648,
    1.0503998213438923,
    0.9473058857888446,
    1.0101621695631522,
    0.9309780320262103,
    0.8507424954468095,
    0.8617563847734298,
    0.9824547572494495,
    1.131378528919013,
    1.1599796268234372,
    1.0862389073169392,
    1.1084642899786783,
    1.0994492979156654,
    1.0782770209446602,
    1.0768999746863261,
    0.9352625935529713,
    0.8881270228678239,
    1.0387186419499719,
    1.160604735413005,
    1.0584411152178768,
    0.847999133296819,
    0.9782296788323607,
    1.2413000825210074,
    1.1288783087487968,
    1.0809422826903077,
    1.104462525258223,
    0.9493070339567633,
    0.9548789898092824,
    0.8806931204206281,
    0.9987162829384267,
    1.1589169901257665,
    1.0689215425462428,
    1.0052593498005091,
    1.0891415354126668,
    1.0196766854122639,
    1.14940572631089,
    0.841471338100643,
    0.7999814733799764,
    0.8457958073806842,
    1.0147263920183864,
    1.0636779394943874,
    0.9934951129512561,
    0.9318185719875187,
    1.1916189985900763,
    1.1490386757401452,
    1.0237937529238708,
    0.8828149268189822,
    1.0756044474507023,
    1.0474678309453143,
    1.0050999813960286,
    0.880388743218971,
    0.9480515907925826,
    0.8604811653741391,
    0.9883319198579645,
    0.9818267571697348,
    1.0609722903917782,
    1.1055440517399153,
    1.0990768469356134,
    0.9530496571586758
  ],
  "output_text": "A builder has a team of workers completing floors at different rates depending on weather, materials, and coordination. If 60 workers complete 4 floors under normal conditions, how might output change if the team size doubles under varying constraints? Explain step by step.\nLet's break down this problem into steps:\n\nA) Normal Conditions:\nA team of 60 workers complete 4 floors. This implies they complete these floors in a certain amount of time T under normal conditions. For simplicity, let's assume all these conditions are optimal to calculate the rate at which the team works. The output (floors completed) can be considered as a function of the number of workers and time. Therefore, 60 workers in time T complete 4 floors.\n\nA"
}