{
  "avg_entropy": 1.0295173752307891,
  "avg_temperature": 1.024916061197051,
  "entropies": [
    2.078125,
    0.01129150390625,
    2.171875,
    2.71875,
    0.83984375,
    2.875,
    0.81640625,
    2.046875,
    1.96875,
    0.5703125,
    2.265625,
    2.640625,
    0.8515625,
    1.0078125,
    0.1455078125,
    0.37890625,
    1.46875,
    2.03125,
    0.00159454345703125,
    0.1142578125,
    2.109375,
    0.0498046875,
    0.0001583099365234375,
    7.450580596923828e-07,
    0.5859375,
    0.033203125,
    0.000545501708984375,
    0.0003490447998046875,
    6.0498714447021484e-06,
    0.130859375,
    0.431640625,
    2.609375,
    1.453125,
    2.0,
    1.3671875,
    1.46875,
    1.640625,
    1.453125,
    1.6484375,
    0.84765625,
    1.6484375,
    2.140625,
    2.265625,
    0.97265625,
    0.470703125,
    1.796875,
    1.28125,
    0.02294921875,
    0.640625,
    0.46484375,
    0.4296875,
    0.006683349609375,
    0.10595703125,
    0.2890625,
    0.181640625,
    1.1953125,
    0.435546875,
    0.70703125,
    1.484375,
    1.0078125,
    1.1328125,
    1.3046875,
    0.00653076171875,
    0.28515625,
    2.484375,
    1.4453125,
    0.51171875,
    3.046875,
    0.357421875,
    0.61328125,
    0.65625,
    1.9453125,
    2.171875,
    0.98046875,
    1.671875,
    0.00469970703125,
    1.3359375,
    0.07861328125,
    1.5234375,
    1.8984375,
    0.365234375,
    0.216796875,
    0.06787109375,
    0.55859375,
    1.6796875,
    0.3515625,
    9.34600830078125e-05,
    0.0005645751953125,
    2.671875,
    1.328125,
    0.001739501953125,
    2.46875,
    3.234375,
    1.8125,
    0.6953125,
    0.059326171875,
    1.2890625,
    0.146484375,
    0.162109375,
    0.005615234375
  ],
  "temperatures": [
    1.1066344120711096,
    1.0990491532203444,
    1.140241958044561,
    1.047996034338052,
    0.9895620221803175,
    1.1033169940094747,
    1.0854695245867567,
    0.9765039722192638,
    1.0272357872846276,
    1.0577443535116229,
    1.1344073095559162,
    1.093951527944301,
    1.0314371029818603,
    1.1243733647883907,
    1.1210243876063013,
    1.0959194146841458,
    1.0656077326135238,
    1.1696445584013997,
    1.087517202341987,
    1.0940511233305716,
    1.0113328207115397,
    1.1290326932532369,
    1.0580653927464394,
    0.9045681162044004,
    0.9928713406760437,
    1.223494402270949,
    1.0249099727596291,
    1.0152354292610752,
    0.9229799113176352,
    1.0493337425876441,
    1.1488274303501098,
    1.0195210337884304,
    0.9665286655674921,
    0.9691209903159034,
    0.9639027340849035,
    0.9522439509904197,
    0.9261513624228824,
    1.063965061677874,
    0.8308918262014322,
    1.0928275928906555,
    1.220592684512789,
    1.2753521693030245,
    1.2285854157632983,
    1.0297981622704928,
    0.8496676527207518,
    0.8769733474972621,
    0.9866392782002418,
    0.9834169553151663,
    0.9483890680013354,
    0.8723482386590771,
    0.9759258327639329,
    0.9250396668591431,
    1.1253813999330773,
    0.9909646538579373,
    0.8544646553175876,
    0.982319968708019,
    0.9385354541054697,
    1.0459797824641373,
    1.0398703141076235,
    1.1171209127586341,
    1.0857845292021335,
    1.122892987439658,
    0.9965975653476012,
    0.8764621926422983,
    0.9825283648311597,
    1.0804335804993357,
    1.075701757306869,
    1.0769859507393902,
    0.728562803455747,
    0.7717491751785046,
    0.9888673937599808,
    0.924700612994653,
    0.9938161255571928,
    1.0551259503497072,
    1.201672186148578,
    1.1465120337684034,
    1.092917876916698,
    1.0480947885391503,
    0.9568985298961652,
    0.9719297024694715,
    1.0276200291528064,
    0.9677003850155983,
    0.9506055089824076,
    0.9464618241417645,
    1.0151108653974494,
    0.9221871427932463,
    1.0271082537801743,
    0.9976979023008998,
    0.8800399855190677,
    0.969156158684722,
    1.144548458991969,
    1.090629618599775,
    1.028963709603243,
    0.872721427044119,
    1.0367636363127943,
    1.134318003064557,
    1.1806302477132489,
    0.9669997130234632,
    0.9775399515483615,
    0.991711172080486
  ],
  "output_text": "A builder has a team of workers completing floors at different rates depending on weather, materials, and coordination. If 60 workers complete 4 floors under normal conditions, how might output change if the team size doubles under varying constraints? Explain step by step.\n1. **Understanding the Effect on Output:**\n\n   When the team size doubles (i.e., from 60 to 120 workers), assuming no other changes in conditions, one might expect that the total output (specifically, the number of floors completed) would also double. This is due to the basic theory of labor productivity, where larger inputs can lead to larger outputs, all else being equal. \n\n2. **Assumptions for the Proportional Increase:**\n\n  "
}