{
  "avg_entropy": 1.2141879510879516,
  "avg_temperature": 0.9860884530567497,
  "entropies": [
    1.1875,
    0.01251220703125,
    7.867813110351562e-05,
    0.001373291015625,
    0.125,
    2.0625,
    0.412109375,
    2.6875,
    2.296875,
    0.2060546875,
    1.2578125,
    0.51171875,
    1.28125,
    1.375,
    0.4140625,
    1.921875,
    1.765625,
    2.390625,
    1.953125,
    1.609375,
    2.671875,
    2.375,
    0.921875,
    0.044921875,
    0.7578125,
    1.25,
    2.59375,
    0.220703125,
    0.54296875,
    2.796875,
    1.7890625,
    0.07177734375,
    0.03515625,
    0.2197265625,
    0.81640625,
    3.046875,
    0.42578125,
    2.234375,
    0.2001953125,
    0.52734375,
    0.04248046875,
    0.004852294921875,
    0.1611328125,
    3.296875,
    0.259765625,
    1.4765625,
    0.12451171875,
    1.3125,
    0.443359375,
    1.125,
    1.8515625,
    0.201171875,
    0.002227783203125,
    1.3203125,
    2.65625,
    1.5859375,
    1.0546875,
    2.125,
    1.4921875,
    1.3046875,
    2.78125,
    2.46875,
    2.1875,
    2.203125,
    2.421875,
    1.3515625,
    0.01202392578125,
    0.0272216796875,
    0.003448486328125,
    0.0037384033203125,
    1.6484375,
    0.1005859375,
    2.078125,
    2.0,
    1.7578125,
    2.421875,
    2.09375,
    1.5234375,
    1.0625,
    0.90625,
    0.314453125,
    3.03125,
    0.458984375,
    2.171875,
    1.7265625,
    0.69921875,
    2.234375,
    0.484375,
    0.263671875,
    0.017822265625,
    2.234375,
    1.265625,
    1.34375,
    0.6015625,
    0.4921875,
    1.265625,
    2.234375,
    1.4609375,
    0.419921875,
    0.7890625
  ],
  "temperatures": [
    0.9197253578835338,
    1.001070710854242,
    0.8396843083731684,
    0.8462901398834697,
    0.942838008644574,
    0.9503371952990185,
    1.0454633404088844,
    0.8941046093141568,
    1.0177329927609744,
    0.8442091152998772,
    0.9626527743867167,
    1.026647148393236,
    1.0289878763930271,
    1.0243453325837508,
    1.0675713008761833,
    0.9909204514541822,
    1.0793492308028378,
    1.0348835522552722,
    0.9323910886123035,
    0.8825484362013017,
    0.9880166587281324,
    0.9075750448630732,
    0.9223791764765659,
    0.9872309384126486,
    0.930947820142396,
    0.9057578731801205,
    0.9713280666363491,
    1.0171839186971525,
    1.0005808262449607,
    0.9486573724266169,
    1.0106096876810928,
    1.1365560395484342,
    1.044144429089126,
    0.945334677803896,
    1.0260159531780209,
    0.9657517765885514,
    0.8502557076888763,
    1.019489220560805,
    1.0514431394024575,
    1.0453223439390071,
    1.0333527351768481,
    0.9614769142855244,
    1.1361157292379511,
    1.1044625852169947,
    0.9526879298143837,
    0.9846992500300684,
    0.9163772312336091,
    0.8180900451148425,
    0.7616419581490121,
    0.7749168972352077,
    0.7217908140821792,
    0.5396279831078761,
    0.7721447195506289,
    0.9216656421387119,
    0.9869374772232958,
    0.9393634883557404,
    0.973240787570145,
    0.9850805118876955,
    1.0302563665990243,
    1.1700189000701366,
    1.190190009156612,
    1.2387498417042375,
    1.0282006964017991,
    1.0141133409343455,
    1.0414208060039527,
    1.0702991061874514,
    1.1835627634227903,
    1.3676778596127446,
    1.2535913121247193,
    1.1467286572553013,
    0.9698709159305734,
    0.7745466464896076,
    0.8848078912901105,
    0.9124719556662892,
    1.1312541129871543,
    0.9974536765018119,
    1.015181586104484,
    0.9437334312220989,
    0.9665710434317698,
    1.0903169239428898,
    0.9657774656609894,
    1.1006346132073974,
    1.0342896519835294,
    0.9222429438369695,
    1.0091981770812688,
    0.9493252213622848,
    0.905848793465805,
    0.8727558248320965,
    0.9621922250069986,
    0.9381073985704672,
    1.0925589203779302,
    1.1570407078145877,
    1.0630449626187481,
    1.0909140301926317,
    0.8071941445714534,
    0.765801351649038,
    1.0699497410791838,
    1.024417833074847,
    1.0113016404627613,
    1.1552254744063655
  ],
  "output_text": "A builder has a team of workers completing floors at different rates depending on weather, materials, and coordination. If 60 workers complete 4 floors under normal conditions, how might output change if the team size doubles under varying constraints? Explain step by step.\n## Step 1: Calculate the original work rate per worker.\nLet's assume that a normal day is 8 hours long and there are 24 hours in a day. So, there are a total of 168 hours in a normal day for 60 workers. The total work for 90 floors is the same.\n\n## Step 2: Calculate the original total work hours per worker per day.\nAssuming 168 hours for 60 workers in 90 floors, the original work rate per"
}