{
  "avg_entropy": 0.9088271069538314,
  "avg_temperature": 0.9718482602557024,
  "entropies": [
    2.078125,
    0.0177001953125,
    0.00125885009765625,
    0.0032806396484375,
    0.08251953125,
    2.390625,
    0.07421875,
    2.5,
    0.0031585693359375,
    1.8671875,
    2.828125,
    0.470703125,
    1.0390625,
    0.90625,
    2.0625,
    2.46875,
    0.5703125,
    1.6875,
    1.328125,
    1.375,
    0.01385498046875,
    0.126953125,
    0.07275390625,
    0.0194091796875,
    0.51953125,
    0.154296875,
    0.0703125,
    0.09619140625,
    0.53515625,
    1.1171875,
    1.3359375,
    0.79296875,
    0.94140625,
    0.796875,
    1.4140625,
    2.171875,
    2.109375,
    2.015625,
    1.765625,
    0.6484375,
    1.46875,
    0.71875,
    1.4140625,
    0.7578125,
    0.171875,
    0.072265625,
    0.05029296875,
    0.5546875,
    0.8359375,
    0.00093841552734375,
    3.084540367126465e-06,
    1.6614794731140137e-06,
    2.246815711259842e-08,
    4.601478576660156e-05,
    2.140625,
    1.140625,
    2.28125,
    0.0025177001953125,
    1.4140625,
    1.3359375,
    0.006134033203125,
    0.95703125,
    1.75,
    1.140625,
    1.3984375,
    0.061279296875,
    0.01171875,
    2.328125,
    0.004913330078125,
    0.0267333984375,
    0.1728515625,
    2.515625,
    0.039306640625,
    0.03125,
    0.93359375,
    0.033203125,
    0.0098876953125,
    0.0002899169921875,
    1.40625,
    2.28125,
    0.765625,
    1.7109375,
    0.6171875,
    0.232421875,
    0.93359375,
    0.026611328125,
    0.0218505859375,
    0.0185546875,
    0.12060546875,
    1.5703125,
    1.5078125,
    1.3203125,
    0.55078125,
    0.392578125,
    2.203125,
    2.390625,
    1.8671875,
    2.0,
    2.609375,
    0.08203125
  ],
  "temperatures": [
    1.03597486215697,
    1.028825443116675,
    1.052245107534905,
    0.9272522671672841,
    0.8396980512240881,
    1.1243589069032407,
    0.9526024003215677,
    0.9945940102844957,
    0.8363447520896933,
    0.9293315446418403,
    1.1209084710351749,
    0.9326078730403738,
    0.8574881482164224,
    0.80510059498285,
    0.9148663162461881,
    0.9871521383964003,
    0.9625985936896837,
    1.1404359070489325,
    1.2578311162218812,
    0.8956803448896329,
    0.9260354270151823,
    1.0123554614852441,
    0.86342956264635,
    1.0048009083024756,
    1.0010403831297694,
    1.0356768753521888,
    1.1011671528830806,
    1.150431332587554,
    1.1387615355864151,
    1.092431139792953,
    1.1829812698403277,
    0.9883152295066815,
    0.8991143513065344,
    1.106344463335587,
    1.1574112329029953,
    1.1698387359173659,
    1.1523012566376525,
    0.9808771669842413,
    1.1203535794797623,
    1.0749776999741414,
    1.0095953120848473,
    0.7391458152497603,
    0.8812274685431887,
    0.9371374266354238,
    0.8923723590762306,
    0.8855246643554984,
    1.0496016678656095,
    1.0322296956125165,
    0.9249759034550272,
    0.8986534367298529,
    0.837755662480675,
    0.8495314015270885,
    0.8524801494642875,
    1.0516490639807337,
    1.0437936873450075,
    1.0500620634851605,
    0.96031417126826,
    0.8244520565468444,
    0.9305972834071985,
    0.8938073210650959,
    0.8707188554732741,
    0.9103470313498202,
    0.9635088758818099,
    0.9873366790168857,
    1.090619594537206,
    1.03553245314936,
    0.9878843281801818,
    1.0396383169565537,
    0.9110120077112236,
    0.9116346131607764,
    0.9450468970330663,
    1.0586096667033602,
    0.987810520195074,
    1.1473131893167006,
    0.8551014763236768,
    0.8571967018222059,
    0.9809187635414003,
    0.8519652718938547,
    1.0225827046401834,
    1.018322497016077,
    1.0772719441312768,
    1.2244647121890215,
    0.9969022445246657,
    0.8273257767005446,
    0.8816439058367864,
    0.9164391407935114,
    0.9976685241326314,
    0.8340807139242744,
    0.8991509680722053,
    0.9422029655243581,
    0.7414900328341237,
    0.7171938135602708,
    0.9163150861902546,
    0.7796464057455832,
    0.9134388829525396,
    0.9591108948936373,
    0.9472443971791342,
    0.9953601517031018,
    1.0580541012218356,
    0.8272726955046691
  ],
  "output_text": "A builder has a team of workers completing floors at different rates depending on weather, materials, and coordination. If 60 workers complete 4 floors under normal conditions, how might output change if the team size doubles under varying constraints? Explain step by step.\n## Step 1: Understand the relationship between worker workload and output.\nTo determine how output changes if the team size doubles under varying constraints, we must consider the factors that impact output: the rate of work, weather, materials, and coordination.\n\n## Step 2: Establish the impact of increasing team size on workload under normal conditions.\nUnder normal conditions, 60 workers complete 4 floors. If the team size doubles to 120 workers, the workload for each worker increases as the time to complete"
}