{
  "avg_entropy": 0.7089870405197144,
  "avg_temperature": 0.9996111764085104,
  "entropies": [
    3.234375,
    0.236328125,
    0.025146484375,
    0.031494140625,
    2.0,
    0.828125,
    2.921875,
    1.546875,
    0.7890625,
    2.109375,
    1.59375,
    0.0004711151123046875,
    0.2353515625,
    0.93359375,
    2.453125,
    0.279296875,
    0.007232666015625,
    0.0003719329833984375,
    0.64453125,
    0.0005950927734375,
    0.0003337860107421875,
    3.886222839355469e-05,
    0.6796875,
    1.265625,
    1.0625,
    1.3671875,
    1.7265625,
    1.25,
    0.07666015625,
    0.921875,
    1.65625,
    0.240234375,
    0.71875,
    0.40234375,
    0.00130462646484375,
    4.458427429199219e-05,
    0.001617431640625,
    0.042236328125,
    0.01416015625,
    0.703125,
    0.1669921875,
    0.00018024444580078125,
    1.40625,
    0.01226806640625,
    0.000457763671875,
    0.0113525390625,
    0.10498046875,
    1.2421875,
    1.703125,
    1.28125,
    2.4375,
    1.34375,
    0.859375,
    2.15625,
    1.7421875,
    2.15625,
    0.06640625,
    1.7109375,
    1.8515625,
    1.140625,
    0.0673828125,
    0.0017242431640625,
    0.107421875,
    0.3046875,
    0.46484375,
    0.66015625,
    0.010498046875,
    0.15234375,
    2.078125,
    0.361328125,
    1.328125,
    0.08154296875,
    0.671875,
    1.2265625,
    0.1376953125,
    0.86328125,
    0.042236328125,
    0.01416015625,
    0.0017547607421875,
    0.00012683868408203125,
    1.359375,
    0.0185546875,
    0.00052642822265625,
    0.0791015625,
    0.042236328125,
    0.9765625,
    0.0106201171875,
    0.000812530517578125,
    0.00145721435546875,
    0.01019287109375,
    1.90625,
    0.0037384033203125,
    0.1474609375,
    0.01104736328125,
    0.84765625,
    1.171875,
    1.125,
    0.3515625,
    0.0118408203125,
    0.8515625
  ],
  "temperatures": [
    0.9681043659097729,
    1.1913433938987894,
    1.1060400763890892,
    0.9174155360233139,
    0.9781584217468039,
    1.1136489594042571,
    1.1006413254335072,
    1.0190830813341625,
    0.9354490572287296,
    1.065441324335831,
    0.9182818126454938,
    0.8851788052498648,
    0.844667615514293,
    0.7927894007559916,
    0.9406365173966698,
    0.9150955694298649,
    0.9533873371497587,
    0.9515925279713888,
    0.9584364764780947,
    0.8722440755677248,
    0.8896100596108213,
    0.8432325836492093,
    0.974042317429896,
    0.9319294412052784,
    0.8730490213062789,
    0.8302684603116568,
    0.9477689571274182,
    0.884136789752776,
    0.7270863706963898,
    0.8853626765750343,
    1.126330991100614,
    0.9645000969280046,
    0.9222502867709251,
    0.8937970675864872,
    0.9836005888522595,
    0.9230413401033268,
    0.9332284128320308,
    1.0385146451094502,
    1.0877643540231334,
    0.9096902600132174,
    1.0357724909686732,
    0.9022288781325137,
    0.9495951434116424,
    1.0160532677854344,
    0.964321476640835,
    0.9297548078044111,
    1.0661073804311534,
    1.0644748347335398,
    0.9646274552695787,
    0.966814587359781,
    1.0049456237637877,
    0.7949605850389729,
    0.7800267072840887,
    1.0710263290302617,
    1.0754281508403576,
    1.062549579431405,
    1.1301959677756366,
    1.1183114727877164,
    1.1581383627116442,
    1.134632103649374,
    1.021037058644958,
    1.0487345147207086,
    1.0947333302895927,
    1.0934417714141702,
    1.1364060549359154,
    1.2117936410012329,
    1.2206098805904932,
    1.2673543339105688,
    1.2524149674802119,
    1.2092284668440234,
    1.1064343301022694,
    0.9532481581752428,
    0.918258717223252,
    0.777334754699484,
    0.8507812233881247,
    0.8064314406976749,
    0.9615302857944125,
    1.0616837625509796,
    1.008860321609631,
    1.0808657620791415,
    1.1695398203805645,
    1.1329841251618524,
    0.9907726361776098,
    0.9359829267088366,
    0.9850415915226869,
    0.8918102924555399,
    0.9055471673078319,
    1.0470430741765795,
    0.9911271077822286,
    1.274420654140933,
    1.0587052769636942,
    1.1488075238378834,
    0.988477336753355,
    1.0181832354637228,
    0.9084388035658966,
    0.9149527938566833,
    0.8359307548194296,
    1.0993921900881045,
    1.2376501469856667,
    1.1583218008514204
  ],
  "output_text": "A builder has a team of workers completing floors at different rates depending on weather, materials, and coordination. If 60 workers complete 4 floors under normal conditions, how might output change if the team size doubles under varying constraints? Explain step by step.\nStep 1: Determine the current rate of the 60 workers.\nSince 60 workers complete 4 floors, the rate of completion per worker is 4 floors / 60 workers = 1/15 of a floor per worker per day. This means that, at most, the team of 60 workers can complete up to 12 floors per day (60 workers * 1/15 of a floor per worker).\n\nStep 2: Double the team size.\nWith 120 workers ("
}