{
  "avg_entropy": 1.2109149742126464,
  "avg_temperature": 0.9738244486129208,
  "entropies": [
    3.859375,
    2.875,
    0.83984375,
    0.0634765625,
    0.00592041015625,
    0.0031585693359375,
    1.046875,
    0.00238037109375,
    0.00482177734375,
    0.00150299072265625,
    1.6875,
    0.00689697265625,
    0.037353515625,
    2.015625,
    2.796875,
    0.9296875,
    2.53125,
    0.275390625,
    1.28125,
    0.373046875,
    1.390625,
    4.0625,
    2.109375,
    0.07958984375,
    0.8359375,
    2.140625,
    0.0013427734375,
    0.01385498046875,
    0.00115203857421875,
    0.96484375,
    0.15625,
    0.8828125,
    2.515625,
    1.2265625,
    0.0247802734375,
    0.97265625,
    2.75,
    0.002227783203125,
    0.158203125,
    0.05322265625,
    1.015625,
    0.064453125,
    0.39453125,
    3.875,
    1.203125,
    0.4765625,
    3.234375,
    0.00125885009765625,
    0.1396484375,
    0.00933837890625,
    1.59375,
    0.0308837890625,
    0.458984375,
    3.5625,
    4.0,
    2.640625,
    1.8359375,
    0.72265625,
    3.296875,
    1.640625,
    0.80078125,
    0.421875,
    0.0003986358642578125,
    1.3515625,
    0.8515625,
    0.5,
    0.01239013671875,
    1.578125,
    1.90625,
    2.609375,
    1.2421875,
    0.9296875,
    2.328125,
    0.33984375,
    2.515625,
    3.09375,
    1.34375,
    0.9609375,
    1.328125,
    0.890625,
    0.0174560546875,
    1.7265625,
    2.125,
    0.9453125,
    0.126953125,
    1.9921875,
    1.921875,
    1.4140625,
    0.94140625,
    0.00070953369140625,
    1.4453125,
    0.000583648681640625,
    0.94921875,
    2.8125,
    2.53125,
    1.5703125,
    0.91015625,
    1.671875,
    1.6328125,
    0.1748046875
  ],
  "temperatures": [
    1.090197689286279,
    0.9632274587597414,
    0.8646597712792693,
    0.7524717090844347,
    0.8594528638260026,
    0.8462154289235003,
    0.964888656936158,
    0.8866900020801616,
    0.9874911362283402,
    1.0069051755506686,
    1.012026324072051,
    1.0641666459512413,
    1.1257997297596332,
    1.3377659536390747,
    0.8937393872383903,
    0.9966204139349493,
    1.137324422231044,
    1.091338117864064,
    1.1565566329202137,
    0.8739367352058343,
    0.9520550125453571,
    1.1634977169788663,
    0.9874236892141101,
    1.084048598115247,
    0.7192212931864499,
    0.8280807149294562,
    0.9624920277998233,
    0.9024243647009641,
    0.9227023064268548,
    0.9396814343073348,
    0.9473548357219084,
    0.9823456173700756,
    0.9741514575154947,
    0.9451338826699631,
    0.9308945792768072,
    0.9717861751366639,
    0.8033876763665626,
    0.9658933168371806,
    1.1463818366246228,
    1.0675734387062101,
    1.1074845011254684,
    1.0337863074637412,
    0.9867145993303865,
    0.9466349347103953,
    0.9782822158104917,
    0.8592840521282945,
    0.9048382950669831,
    0.8519070045169603,
    0.9576656967507835,
    0.9220187504812245,
    1.0374352331821992,
    1.1872737581315316,
    0.9286016352450744,
    0.9591196919931724,
    0.9998208410830182,
    1.0262666834273066,
    0.9069860335834998,
    0.8297856095907853,
    0.8662162034693263,
    0.8839343538481336,
    0.8613482308414917,
    0.9673631621415557,
    0.8413213899712393,
    0.955742883088758,
    0.8417128964251348,
    0.9002671464591625,
    0.9488856577979711,
    0.8348669334868919,
    0.8113089342084812,
    1.0798782969151959,
    0.9948407357345294,
    1.158237677055668,
    1.0565713398598027,
    1.0119753598272636,
    1.032569909955385,
    1.0934067474991962,
    1.0510640627078585,
    1.1314213711635666,
    1.159207511850457,
    1.171276733949696,
    1.1905613372746056,
    1.138602239535532,
    1.1098650316474457,
    0.8712701836129452,
    0.7617514940101705,
    0.6819426156330273,
    0.8805505001316964,
    0.958352143427534,
    1.0817186509228953,
    1.041145133118094,
    1.03201242998976,
    0.8822850724191078,
    0.7744230860542483,
    0.8733155239745335,
    0.9803075387914173,
    1.0810315673784172,
    0.8953787085683298,
    0.9498625492432787,
    0.9947340725525557,
    1.0180073719274132
  ],
  "output_text": "A builder has a team of workers completing floors at different rates depending on weather, materials, and coordination. If 60 workers complete 4 floors under normal conditions, how might output change if the team size doubles under varying constraints? Explain step by step.\nInitial scenario: 60 workers complete 4 floors under normal conditions\n50 workers complete 2 floors under extremely bad weather\n80 workers complete 4 floors under ideal working conditions\n40 workers complete 2 floors under material shortage\n80 workers complete 6 floors under a coordinated teamwork effort\n\n#### Step-by-Step Analysis:\n\n1. **Weather constraint** (60 workers): If there are 60 workers, 50 workers would take longer due to bad weather. The rate of work might slow down"
}