{
  "avg_entropy": 1.6321210181713104,
  "avg_temperature": 0.9957598368366359,
  "entropies": [
    1.4296875,
    0.0303955078125,
    0.004302978515625,
    0.01361083984375,
    0.2158203125,
    2.4375,
    0.12451171875,
    2.5625,
    1.2890625,
    0.39453125,
    0.64453125,
    0.177734375,
    1.546875,
    1.484375,
    0.76171875,
    1.9921875,
    1.125,
    0.2578125,
    1.46875,
    0.042724609375,
    2.046875,
    0.302734375,
    0.515625,
    1.765625,
    1.5859375,
    2.53125,
    0.75390625,
    1.3515625,
    1.9296875,
    1.8671875,
    1.4296875,
    2.75,
    0.93359375,
    1.125,
    1.8671875,
    0.006988525390625,
    1.9921875,
    2.828125,
    2.84375,
    1.921875,
    0.0015106201171875,
    1.84375,
    3.0625,
    1.1015625,
    1.4296875,
    1.203125,
    2.46875,
    3.375,
    3.046875,
    0.9453125,
    3.09375,
    2.546875,
    1.1875,
    5.0,
    2.46875,
    2.671875,
    3.625,
    2.78125,
    1.8515625,
    1.3671875,
    0.71875,
    2.484375,
    2.1875,
    0.037841796875,
    3.734375,
    0.84765625,
    4.09375,
    4.9375,
    2.875,
    1.2734375,
    0.0087890625,
    0.0001316070556640625,
    0.00018596649169921875,
    2.849102020263672e-05,
    0.0001621246337890625,
    2.109375,
    2.046875,
    1.8984375,
    3.265625,
    0.359375,
    4.3125,
    2.15625,
    1.546875,
    0.369140625,
    0.259765625,
    3.046875,
    4.3125,
    0.404296875,
    0.9453125,
    0.06982421875,
    3.359375,
    4.1875,
    1.5,
    0.62890625,
    0.1416015625,
    0.9609375,
    1.375,
    1.765625,
    3.078125,
    0.48828125
  ],
  "temperatures": [
    0.9457483621058694,
    1.0781933929411558,
    1.173321099879074,
    1.1199375651622137,
    1.1606576692522763,
    1.1432783016265715,
    1.0432003040039772,
    1.0313341560499776,
    0.9675107132644543,
    0.9592549730604443,
    0.8794260337490893,
    0.7455583864855804,
    0.8465504818187533,
    0.9882536270052246,
    0.9117091915789982,
    1.0584502799320306,
    0.9966717036347814,
    1.0819096325240105,
    0.9636176475484592,
    0.978505286456188,
    1.101989735076658,
    0.8490965754096801,
    0.9237025612779296,
    0.9535018020574387,
    0.9080367728032784,
    1.0085011178789443,
    0.9636144357550802,
    0.906719416530822,
    0.9343783088629616,
    0.8082317482216589,
    0.8392439919492461,
    0.7746001971828873,
    0.8474020224416619,
    0.7711500247483886,
    0.9531544133785284,
    0.9525036343287546,
    1.0198736885486859,
    1.008239303844632,
    0.9205097090543929,
    0.9123354133209632,
    0.9970419104739895,
    0.9258127428359731,
    0.9223860062250566,
    1.0959101989002444,
    0.9297613803943328,
    1.1207054846549398,
    0.9822496142481099,
    1.1063587425865506,
    1.110339827514929,
    1.0276862619589924,
    1.0723744709255145,
    1.2546012561728654,
    1.1184746716802412,
    1.0684646636791537,
    1.1096578197549178,
    1.1656211354958592,
    0.9920027790281953,
    0.9827802657659581,
    0.9480083925649471,
    1.0192498316613856,
    1.0004167408704188,
    1.031050594643423,
    1.152920554511289,
    1.120009489539815,
    0.9228526040379861,
    0.8021699869433244,
    0.9938013000952162,
    1.0814776085420714,
    1.0835992445035052,
    1.0107148389770801,
    1.0220164461690278,
    1.08470203531481,
    1.0361908231524033,
    1.1415668675495565,
    1.069277690686095,
    0.9476156585333859,
    1.0581408883551287,
    0.8337579745891173,
    1.0351098987274576,
    1.0519885951101562,
    1.0792577868441615,
    1.0461714576539236,
    0.7856489627704956,
    0.8896638549534149,
    1.2282573690464225,
    1.1199224958507592,
    1.1433156469824493,
    1.1061267907910821,
    1.0680408311071936,
    0.9638147708354324,
    1.075279910923346,
    0.9959913165873685,
    0.8184459451003003,
    0.8355775743547456,
    1.0493713820952022,
    0.8532932795150178,
    0.8073369186631166,
    0.9552375949638285,
    1.0354349431444285,
    0.8610538733557748
  ],
  "output_text": "A builder has a team of workers completing floors at different rates depending on weather, materials, and coordination. If 60 workers complete 4 floors under normal conditions, how might output change if the team size doubles under varying constraints? Explain step by step.\n## Step 1: Understand the problem context\nThe problem involves understanding how the increase in team size might affect the output of building floors, assuming that the construction process remains the same and is only impacted by the factors mentioned \u2013 much like in real-world construction scenarios where additional workers can impact speed and size of construction due to coordination and reduced physical demands.\n\n\n## Step 2: Identify the increasing team's capacity under varying constraints\nThe increase in team size is doubling under varying constraints, implying that additional workers"
}