{
  "avg_entropy": 1.3513172912597655,
  "avg_temperature": 1.002997587144022,
  "entropies": [
    3.53125,
    0.126953125,
    3.546875,
    1.2890625,
    1.0,
    2.234375,
    0.271484375,
    0.2431640625,
    0.037841796875,
    1.53125,
    0.08447265625,
    0.01318359375,
    1.0546875,
    0.0458984375,
    0.032470703125,
    0.0035552978515625,
    1.2890625,
    2.859375,
    0.0157470703125,
    3.609375,
    3.671875,
    3.484375,
    1.3984375,
    1.6328125,
    3.328125,
    4.0,
    0.07568359375,
    2.203125,
    1.1640625,
    0.53515625,
    3.90625,
    2.28125,
    0.0908203125,
    1.8515625,
    1.0078125,
    2.46875,
    2.046875,
    2.015625,
    0.451171875,
    1.6796875,
    1.46875,
    2.4375,
    5.53125,
    3.78125,
    1.0234375,
    1.1484375,
    1.90625,
    0.46484375,
    0.7109375,
    0.0283203125,
    0.9765625,
    2.796875,
    1.421875,
    2.96875,
    0.953125,
    2.359375,
    1.171875,
    0.546875,
    2.78125,
    0.7109375,
    0.88671875,
    0.0703125,
    0.90625,
    0.66796875,
    0.10498046875,
    1.4765625,
    0.703125,
    1.0859375,
    0.212890625,
    0.056884765625,
    1.5625,
    0.08447265625,
    1.296875,
    1.90625,
    1.375,
    0.032470703125,
    0.326171875,
    0.0284423828125,
    0.35546875,
    1.3046875,
    2.796875,
    2.390625,
    0.9765625,
    0.91015625,
    1.21875,
    0.62890625,
    0.0673828125,
    3.765625,
    1.6171875,
    0.462890625,
    1.6484375,
    1.0,
    0.74609375,
    0.12158203125,
    0.8515625,
    0.03857421875,
    0.6875,
    0.57421875,
    1.0234375,
    1.859375
  ],
  "temperatures": [
    1.029756928968714,
    0.940186829247088,
    0.9003870583099964,
    0.9118039759791696,
    0.87913744228838,
    0.9926671710799129,
    0.9762465918982949,
    0.9282047409404316,
    0.8174528715761387,
    0.9035358424204415,
    1.1091637532315546,
    1.0672152647653694,
    1.0003616453098714,
    1.1319134457486117,
    1.2030846207496049,
    1.0349088655168501,
    1.0318868458016206,
    1.019598781797008,
    1.022612599300766,
    1.1629218935798216,
    1.0739044294811948,
    0.8502569548613473,
    0.8910392123514091,
    1.05257600896357,
    1.0618877280402323,
    1.2589248642303121,
    1.1717485126316893,
    1.0809337111568489,
    1.0334273989913894,
    1.093956946210979,
    1.1686087991432426,
    0.8701203432734753,
    0.9263855828009384,
    1.1247951647944645,
    1.0175507028810586,
    0.8853835445010697,
    1.0927714260129666,
    1.0839018271201668,
    0.9841122881545918,
    1.178198710441369,
    1.189605201115857,
    1.0428065609331767,
    1.0979084172424263,
    1.0109028906969468,
    0.936671132092875,
    0.8571522049683526,
    0.983383626244215,
    0.8820629956046858,
    0.9455490676527727,
    1.078493734750432,
    1.1742707755699735,
    1.1005881108696716,
    0.8851629630481714,
    1.0405849335045054,
    0.9299627314733052,
    0.9752091063795862,
    0.9922834574660173,
    0.8487374343009938,
    0.9320816314752185,
    1.057528811760504,
    0.9757958662577289,
    0.8612214354259465,
    0.9096183957326771,
    0.9912400584823077,
    0.9857696302651516,
    0.940478383919055,
    1.018035674724852,
    1.0096044747342745,
    0.9076145063853153,
    0.8756333242645904,
    0.9477780197433265,
    1.0372127149882804,
    0.7941282819530623,
    0.8105863350012166,
    0.9090059862519293,
    0.91484022720339,
    1.012273779229389,
    1.066148236421679,
    1.0856820186075615,
    1.0253716771445809,
    1.153170923537558,
    1.203435041719632,
    0.9789613788922474,
    1.00667952725206,
    0.9606982624328696,
    1.0794703280442026,
    1.0923047294209953,
    1.0977134377831659,
    1.0171634640824743,
    0.924151119364574,
    0.836977434532642,
    0.9618586045036477,
    1.1195129458846065,
    0.9044606698226633,
    0.9794818401232386,
    1.1171351903346607,
    1.0220692868868375,
    1.0375764822057174,
    0.9177095158605164,
    0.8867123932799129
  ],
  "output_text": "A builder has a team of workers completing floors at different rates depending on weather, materials, and coordination. If 60 workers complete 4 floors under normal conditions, how might output change if the team size doubles under varying constraints? Explain step by step.\n1. Normal conditions: Under normal conditions, 60 workers complete 4 floors.\n2. Conditions of mixed weather: With respect to weather constraints, the effectiveness of the workers may decrease by 15% (as some workers may not be able to work efficiently in rain or extreme heat). In this case, 60 workers will complete 3.5 floors (since only 85% of the work is efficiently done).\n3. Limited materials: If there is a shortage of materials, the construction"
}